,tagId,Total Uses,Tag Name,Tag Type
0,1,3330456,No Archive Warnings Apply,warning
1,17,2985682,M/M,category
2,9,2109990,Creator Chose Not To Use Archive Warnings,warning
3,44,1479848,F/M,category
4,38,1126315,Gen,category
5,121,758774,Fluff,generic
6,15,541940,Angst,generic
7,105,521283,F/F,category
8,413,411540,Graphic Depictions Of Violence,warning
9,31,297939,Major Character Death,warning
10,213,286975,Multi,category
11,621,279718,Hurt/Comfort,generic
12,287,271819,Romance,generic
13,1934,219313,Harry Potter - J. K. Rowling,fandom
14,90,216811,Supernatural,fandom
15,103,215044,Alternate Universe,generic
16,286,213262,Established Relationship,generic
17,509,184421,Smut,generic
18,8020,181007,Marvel Cinematic Universe,fandom
19,144,178570,Alternate Universe - Canon Divergence,generic
20,2,175084,Other,category
21,250,170524,Humor,generic
22,92,165332,Dean Winchester,character
23,1462,153607,Steve Rogers,character
24,204,149675,Rape/Non-Con,warning
25,1461,148894,Tony Stark,character
26,2533,148534,Anal Sex,generic
27,10911,145691,Fluff and Angst,generic
28,298,143653,Underage,warning
29,881,138874,Friendship,generic
30,1757,135399,Alternate Universe - Modern Setting,generic
31,96,132509,Sam Winchester,character
32,476,129010,Original Characters,character
33,26269,123369,The Avengers (Marvel Movies),fandom
34,74900,122268,방탄소년단 | Bangtan Boys | BTS,fandom
35,18151,119631,Original Female Character(s),character
36,102,116118,Drabble,generic
37,7801,112323,Emotional Hurt/Comfort,generic
38,10216,111159,Sherlock (TV),fandom
39,826,108085,Oral Sex,generic
40,151456,107203,僕のヒーローアカデミア | Boku no Hero Academia | My Hero Academia,fandom
41,20845,105087,Teen Wolf (TV),fandom
42,24540,104421,Angst with a Happy Ending,generic
43,18917,103917,Slow Burn,generic
44,1660,101393,Harry Potter,character
45,4688,98826,Reader,character
46,356,98370,One Shot,generic
47,19379,97363,"James ""Bucky"" Barnes",character
48,447,95496,Sherlock Holmes,character
49,1726,90384,Plot What Plot/Porn Without Plot,generic
50,116,89433,Drama,generic
51,2709,86755,First Kiss,generic
52,818,83587,Friends to Lovers,generic
53,10291,82581,Clint Barton,character
54,171,81828,Kissing,generic
55,450,81360,John Watson,character
56,20991,80926,Stiles Stilinski,character
57,187,79518,First Time,generic
58,1600,79396,Blow Jobs,generic
59,19377,78689,Captain America (Movies),fandom
60,5037,78473,Castiel/Dean Winchester,relationship
61,154631,77582,Jeon Jungkook,character
62,14207,77469,Fluff and Smut,generic
63,878,77300,Castiel,character
64,85876,75733,Min Yoongi | Suga,character
65,135573,75260,Park Jimin (BTS),character
66,2918,74383,Original Work,fandom
67,697,74168,AU,generic
68,1856,73874,Alternate Universe - College/University,generic
69,3831,73863,Domestic Fluff,generic
70,230901,73103,Voltron: Legendary Defender,fandom
71,18152,72932,Original Male Character(s),character
72,115548,72732,Kim Taehyung | V,character
73,863,72415,Pining,generic
74,2342,72316,Canon Compliant,generic
75,31842,72152,Light Angst,generic
76,2817,70909,Love,generic
77,1430,68822,Family,generic
78,26311,68146,Other Additional Tags to Be Added,generic
79,1596,67148,Anal Fingering,generic
80,61610,67036,Haikyuu!!,fandom
81,134,66981,Post-Canon,generic
82,20847,66284,Derek Hale,character
83,1172,65722,Violence,generic
84,10913,63877,Explicit Sexual Content,generic
85,336,62859,Draco Malfoy,character
86,1525,62806,Star Wars - All Media Types,fandom
87,500,62113,Hermione Granger,character
88,714,61011,Canon-Typical Violence,generic
89,110855,60460,Jung Hoseok | J-Hope,character
90,1590,60280,Masturbation,generic
91,14610,60213,Mutual Pining,generic
92,115547,60045,Kim Seokjin | Jin,character
93,2236,59166,Happy Ending,generic
94,459,57863,Crack,generic
95,3253,57810,Sherlock Holmes/John Watson,relationship
96,20952,57057,Derek Hale/Stiles Stilinski,relationship
97,42,55981,Crossover,generic
98,152678,55949,Midoriya Izuku,character
99,2304,55895,Peter Parker,character
100,19464,54878,Keith (Voltron),character
101,17237,54489,Thor (Marvel),character
102,3224,54151,Naruto,fandom
103,151458,53855,Bakugou Katsuki,character
104,20996,53839,Alpha/Beta/Omega Dynamics,generic
105,28781,53720,One Direction (Band),fandom
106,1007,53541,Dirty Talk,generic
107,22537,52706,Bruce Banner,character
108,9042,52335,Homestuck,fandom
109,8972,51719,Depression,generic
110,2444,51497,Rough Sex,generic
111,3405,50635,Character Death,generic
112,10870,50016,Love Confessions,generic
113,3054,49287,Alternate Universe - High School,generic
114,1554,48917,Character Study,generic
115,14331,48903,Fluff and Humor,generic
116,19465,48613,Lance (Voltron),character
117,17777,47368,Loki (Marvel),character
118,5257,47132,Sex,generic
119,28417,46780,The Avengers (Marvel) - All Media Types,fandom
120,19891,46736,"James ""Bucky"" Barnes/Steve Rogers",relationship
121,16147,45567,Natasha Romanov,character
122,7720,45380,Sexual Content,generic
123,230902,44973,Shiro (Voltron),character
124,17342,44497,Post-Traumatic Stress Disorder - PTSD,generic
125,28782,44412,Harry Styles,character
126,1595,44310,Hand Jobs,generic
127,303406,44076,Kim Namjoon | RM,character
128,24937,43836,Once Upon a Time (TV),fandom
129,2827,43689,Rimming,generic
130,1508,43564,Blood,generic
131,2363,42784,Falling In Love,generic
132,4889,42344,Game of Thrones (TV),fandom
133,13854,42315,Cute,generic
134,57096,42206,Shingeki no Kyojin | Attack on Titan,fandom
135,2684,42065,Ron Weasley,character
136,22111,41560,Louis Tomlinson,character
137,38528,41248,Natasha Romanov (Marvel),character
138,14527,40922,Angst and Hurt/Comfort,generic
139,3718,40327,Getting Together,generic
140,4111,40312,Polyamory,generic
141,27347,40215,Eventual Smut,generic
142,99,39789,Severus Snape,character
143,27472,39430,Tooth-Rotting Fluff,generic
144,1151,39392,Doctor Who (2005),fandom
145,248,38707,Christmas,generic
146,1688,38187,Minor Character Death,generic
147,30846,37970,Thor (Movies),fandom
148,8019,37742,Iron Man (Movies),fandom
149,9500,37627,A Song of Ice and Fire - George R. R. Martin,fandom
150,1265,37411,Marvel,fandom
151,2833,36780,Pepper Potts,character
152,3451,36729,Mpreg,generic
153,335,36520,Draco Malfoy/Harry Potter,relationship
154,5340,36440,Jealousy,generic
155,17360,36307,Swearing,generic
156,209,36184,Dubious Consent,generic
157,3252,35950,Grief/Mourning,generic
158,15905,35950,Implied Sexual Content,generic
159,232500,35516,Yuri!!! on Ice (Anime),fandom
160,817,35414,Unrequited Love,generic
161,101,35363,Sirius Black,character
162,1750,35312,Merlin (TV),fandom
163,255,35270,PWP,generic
164,3988,35191,Glee,fandom
165,6028,34983,Original Character(s),generic
166,41188,34956,Castiel (Supernatural),character
167,1976,34906,Hetalia: Axis Powers,fandom
168,188,34830,Doctor Who,fandom
169,23379,34786,Cuddling & Snuggling,generic
170,720,34779,Magic,generic
171,50676,34731,Dragon Age: Inquisition,fandom
172,707,34684,Slice of Life,generic
173,860,34586,Bruce Wayne,character
174,9741,34552,Mycroft Holmes,character
175,152679,34387,Todoroki Shouto,character
176,1202,34251,Remus Lupin,character
177,174,34129,Slash,generic
178,1382,34008,Spanking,generic
179,295,33977,Future Fic,generic
180,3416,33798,Developing Relationship,generic
181,2678,33791,Steve Rogers/Tony Stark,relationship
182,221582,33784,Overwatch (Video Game),fandom
183,3316,33350,Nightmares,generic
184,16687,33074,Vaginal Sex,generic
185,33867,33025,EXO (Band),fandom
186,187582,33022,Star Wars Sequel Trilogy,fandom
187,22826,32986,Phil Coulson,character
188,50518,32694,Alternate Universe - Soulmates,generic
189,31567,32680,Sam Wilson (Marvel),character
190,3013,31995,Dick Grayson,character
191,368,31878,Pre-Slash,generic
192,5125,31701,Explicit Language,generic
193,93208,31588,The 100 (TV),fandom
194,40143,31533,Panic Attacks,generic
195,6576,31444,Implied/Referenced Child Abuse,generic
196,1493,31436,Dom/sub,generic
197,29837,31413,Harry Styles/Louis Tomlinson,relationship
198,22326,31378,Batman - All Media Types,fandom
199,20999,31321,Scott McCall,character
200,301,31200,Pre-Canon,generic
201,1546,31007,Don't copy to another site,generic
202,4121,30892,Death,generic
203,1163,30804,Kidnapping,generic
204,10373,30628,Sherlock Holmes & Related Fandoms,fandom
205,19678,30577,Hunk (Voltron),character
206,3420,30554,Comfort,generic
207,165136,30546,Rey (Star Wars),character
208,151457,30528,Kirishima Eijirou,character
209,1358,30528,Canonical Character Death,generic
210,169971,30454,Undertale (Video Game),fandom
211,888,30388,Action/Adventure,generic
212,175913,30351,Miraculous Ladybug,fandom
213,825,30280,Flirting,generic
214,7032,30264,Friendship/Love,generic
215,10580,30201,Suicidal Thoughts,generic
216,1108,30197,BDSM,generic
217,8998,30147,Dragon Age (Video Games),fandom
218,5851,30134,Alcohol,generic
219,2689,30078,Torture,generic
220,5254,29905,Pre-Relationship,generic
221,3942,29900,Spoilers,generic
222,29481,29729,Niall Horan,character
223,1610,29587,Teasing,generic
224,20994,29535,Lydia Martin,character
225,215799,29497,NCT (Band),fandom
226,17626,29439,Anxiety,generic
227,91786,29398,ジョジョの奇妙な冒険 | JoJo no Kimyou na Bouken | JoJo's Bizarre Adventure,fandom
228,953,29120,Bondage,generic
229,22110,29039,Liam Payne,character
230,2869,28846,Crowley (Good Omens),character
231,19463,28650,Keith/Lance (Voltron),relationship
232,178596,28576,Supergirl (TV 2015),fandom
233,176595,28439,Shadowhunters (TV),fandom
234,37517,28327,Reader-Insert,generic
235,50185,28295,Shameless Smut,generic
236,29480,28080,Zayn Malik,character
237,26047,27738,Greg Lestrade,character
238,33862,27708,Agents of S.H.I.E.L.D. (TV),fandom
239,36072,27684,Vaginal Fingering,generic
240,107184,27103,Aziraphale (Good Omens),character
241,187903,27046,Ben Solo | Kylo Ren,character
242,100886,27033,Good Omens (TV),fandom
243,21446,26944,Mental Health Issues,generic
244,88783,26776,Allura (Voltron),character
245,27346,26676,Eventual Romance,generic
246,5436,26415,Alternate Universe - Fantasy,generic
247,3794,26383,First Meetings,generic
248,23621,26369,Slow Build,generic
249,1185,26314,Ficlet,generic
250,13064,26132,Minor or Background Relationship(s),relationship
251,47484,26055,Heavy Angst,generic
252,21035,26051,Rape/Non-con Elements,generic
253,186469,26006,Aziraphale/Crowley (Good Omens),relationship
254,6152,25884,Jason Todd,character
255,14209,25832,Porn with Feelings,generic
256,20,25821,Stargate Atlantis,fandom
257,233209,25800,Aizawa Shouta | Eraserhead,character
258,1828,25764,James T. Kirk,character
259,715,25750,Murder,generic
260,1229,25709,Time Travel,generic
261,23172,25700,Emma Swan,character
262,94033,25694,Clarke Griffin,character
263,302,25650,Cunnilingus,generic
264,23816,25639,Alec Lightwood,character
265,235588,25573,Pidge | Katie Holt,character
266,261090,25566,Katsuki Yuuri,character
267,25474,25565,Soulmates,generic
268,5676,25457,Crying,generic
269,259,25453,Missing Scene,generic
270,10678,25434,Sad,generic
271,3889,25369,Self-Harm,generic
272,261091,25331,Victor Nikiforov,character
273,95049,25328,Final Fantasy XV,fandom
274,246,25252,Dean Winchester/Sam Winchester,relationship
275,862,25249,Voyeurism,generic
276,16771,25180,Misunderstandings,generic
277,165134,25148,Star Wars Episode VII: The Force Awakens (2015),fandom
278,13080,25131,Alternate Universe - Human,generic
279,8921,25076,Good Omens - Neil Gaiman & Terry Pratchett,fandom
280,4029,25051,Fix-It,generic
281,25949,24932,Short One Shot,generic
282,662,24920,Ginny Weasley,character
283,10301,24786,Merlin (Merlin),character
284,54468,24696,Idiots in Love,generic
285,23815,24692,Magnus Bane,character
286,43382,24689,The Hobbit - All Media Types,fandom
287,771,24606,Introspection,generic
288,9855,24600,Not Beta Read,generic
289,5632,24584,Daddy Kink,generic
290,3159,24344,Porn With Plot,generic
291,40303,24339,Aged-Up Character(s),generic
292,178,24315,Comedy,generic
293,2708,24199,Sexual Tension,generic
294,177,24086,Buffy the Vampire Slayer,fandom
295,7016,24078,Gabriel (Supernatural),character
296,58470,24052,Levi (Shingeki no Kyojin),character
297,16250,23728,Sansa Stark,character
298,20841,23707,Drinking,generic
299,1389,23589,Age Difference,generic
300,23813,23583,Magnus Bane/Alec Lightwood,relationship
301,226093,23507,Uraraka Ochako,character
302,21687,23496,Implied/Referenced Character Death,generic
303,9000,23343,Dragon Age - All Media Types,fandom
304,200,23293,Incest,generic
305,2147,23276,Sibling Incest,generic
306,17111,23272,Podfic,generic
307,772,23154,Domestic,generic
308,178598,23119,Kara Danvers,character
309,50413,23031,Praise Kink,generic
310,8379,22985,Suicide Attempt,generic
311,22145,22979,Tumblr Prompt,generic
312,10895,22977,Star Trek: Alternate Original Series (Movies),fandom
313,62133,22883,Eren Yeager,character
314,698,22879,Dark,generic
315,261089,22864,Katsuki Yuuri/Victor Nikiforov,relationship
316,887,22840,Sex Toys,generic
317,53339,22675,Hannibal (TV),fandom
318,267,22634,Poetry,generic
319,31421,22613,Isaac Lahey,character
320,114243,22478,The Flash (TV 2014),fandom
321,819,22371,Pregnancy,generic
322,39667,22210,Family Feels,generic
323,233,22207,Stargate SG-1,fandom
324,187176,22201,Poe Dameron,character
325,44013,22179,Gay,generic
326,32321,22081,Family Fluff,generic
327,19829,21996,The Avengers (2012),fandom
328,1611,21924,Frottage,generic
329,1694,21907,Songfic,generic
330,1956,21857,Tim Drake,character
331,156599,21839,Jeon Jungkook/Kim Taehyung | V,relationship
332,143,21810,POV First Person,generic
333,5102,21742,Fanart,generic
334,5164,21720,Coming Out,generic
335,10302,21718,Arthur Pendragon (Merlin),character
336,5061,21659,Oneshot,generic
337,6760,21645,Kurt Hummel,character
338,11286,21561,Flashbacks,generic
339,3580,21446,Nick Fury,character
340,9538,21441,Semi-Public Sex,generic
341,516,21316,Threesome - M/M/M,generic
342,22815,21282,Christmas Fluff,generic
343,1407,21264,Kid Fic,generic
344,20995,21127,Sheriff Stilinski,character
345,16277,21105,Wanda Maximoff,character
346,66403,21063,RWBY,fandom
347,100,20894,James Potter,character
348,183862,20808,Kylo Ren,character
349,61289,20768,I Wrote This Instead of Sleeping,generic
350,343,20694,DCU,fandom
351,1385,20573,Vampires,generic
352,7150,20546,Uzumaki Naruto,character
353,1512,20539,Biting,generic
354,3109,20488,Albus Dumbledore,character
355,9009,20316,Implied/Referenced Rape/Non-con,generic
356,31793,20259,Blood and Gore,generic
357,214843,20201,Kaminari Denki,character
358,1276,20145,Secret Relationship,generic
359,19171,20104,Romantic Fluff,generic
360,20992,20066,Allison Argent,character
361,2785,20019,Leia Organa,character
362,13789,19987,Barry Allen,character
363,28041,19980,Evil Queen | Regina Mills,character
364,6042,19944,Sharing a Bed,generic
365,3198,19944,Prompt Fic,generic
366,25598,19918,Light Dom/sub,generic
367,10285,19885,Batman (Comics),fandom
368,1792,19856,One Piece,fandom
369,3888,19836,Abuse,generic
370,41688,19733,Arrow (TV 2012),fandom
371,16249,19721,Jon Snow,character
372,380378,19687,魔道祖师 - 墨香铜臭 | Módào Zǔshī - Mòxiāng Tóngxiù,fandom
373,443081,19673,Detroit: Become Human (Video Game),fandom
374,1439,19672,Horror,generic
375,9045,19638,Dave Strider,character
376,10266,19445,Implied/Referenced Suicide,generic
377,232084,19438,Yagi Toshinori | All Might,character
378,33652,19436,Kuroko no Basuke | Kuroko's Basketball,fandom
379,18921,19339,Enemies to Friends to Lovers,generic
380,17183,19327,Transformers - All Media Types,fandom
381,4136,19190,Light Bondage,generic
382,7619,19177,Marriage Proposal,generic
383,79716,19148,How Do I Tag,generic
384,591454,19126,Fire Emblem: Fuukasetsugetsu | Fire Emblem: Three Houses,fandom
385,45661,19114,Angst and Feels,generic
386,74902,19107,Kim Namjoon | Rap Monster,character
387,10983,19088,Drug Use,generic
388,3717,19081,You,character
389,92438,18968,Min Yoongi | Suga/Park Jimin,relationship
390,217241,18961,文豪ストレイドッグス | Bungou Stray Dogs,fandom
391,4107,18926,DCU (Comics),fandom
392,14612,18912,Blaine Anderson,character
393,3792,18903,Suicide,generic
394,713,18877,Mystery,generic
395,21690,18831,Peter Hale,character
396,106245,18733,Oikawa Tooru,character
397,9399,18730,Hannibal Lecter,character
398,3581,18661,"James ""Rhodey"" Rhodes",character
399,21572,18592,Mating Cycles/In Heat,generic
400,94032,18578,Bellamy Blake,character
401,6008,18546,Supernatural RPF,fandom
402,12215,18546,Molly Hooper,character
403,75695,18534,Hinata Shouyou,character
404,15656,18517,Les Misérables - All Media Types,fandom
405,165135,18508,Finn (Star Wars),character
406,9400,18432,Will Graham,character
407,159950,18417,SEVENTEEN (Band),fandom
408,694,18370,Homophobia,generic
409,97742,18340,Kuroo Tetsurou,character
410,3107,18329,Oliver Queen,character
411,10823,18309,Uchiha Sasuke,character
412,9834,18289,Boys Kissing,generic
413,21634,18273,Trans Male Character,generic
414,2273,18260,Bobby Singer,character
415,27836,18173,Knotting,generic
416,1465,18121,Child Abuse,generic
417,922,18110,Unresolved Sexual Tension,generic
418,1566,18106,OC - Character,character
419,8567,18068,Making Out,generic
420,6305,18046,Charles Xavier,character
421,10390,18045,Past Relationship(s),generic
422,2359,17967,Multiple Orgasms,generic
423,14217,17900,Sickfic,generic
424,40458,17833,Implied/Referenced Self-Harm,generic
425,743,17668,Fantasy,generic
426,22,17631,John Sheppard,character
427,169975,17540,Sans (Undertale),character
428,26789,17506,Feels,generic
429,292606,17497,Sanders Sides (Web Series),fandom
430,190,17446,Jack Harkness,character
431,3599,17360,Hatake Kakashi,character
432,1328,17276,Original Character,character
433,281,17246,Clark Kent,character
434,54335,17191,Phandom/The Fantastic Foursome (YouTube RPF),fandom
435,5602,17158,Bullying,generic
436,19378,17156,Captain America - All Media Types,fandom
437,1607,17109,POV Second Person,generic
438,243210,17064,Stranger Things (TV 2016),fandom
439,178597,17054,Alex Danvers,character
440,75696,16979,Kageyama Tobio,character
441,4978,16971,Boys In Love,generic
442,49943,16938,Dan Howell/Phil Lester,relationship
443,157187,16926,Jeon Jungkook/Park Jimin,relationship
444,60680,16897,Original Child Character(s),character
445,229883,16882,Coran (Voltron),character
446,103106,16861,Steven Universe (Cartoon),fandom
447,177101,16848,Hamilton - Miranda,fandom
448,43112,16842,The Walking Dead (TV),fandom
449,93,16828,John Winchester,character
450,256,16775,Episode Related,generic
451,2914,16748,Drabble Collection,generic
452,9061,16660,Mild Language,generic
453,861,16648,Orgasm Delay/Denial,generic
454,53753,16595,Will Graham/Hannibal Lecter,relationship
455,59558,16555,Attempt at Humor,generic
456,27530,16553,Gay Sex,generic
457,738,16549,The X-Files,fandom
458,15642,16544,Merlin/Arthur Pendragon (Merlin),relationship
459,644,16541,Best Friends,generic
460,34139,16540,Noctis Lucis Caelum,character
461,6562,16533,Enemies to Lovers,generic
462,399,16514,Kingdom Hearts,fandom
463,35229,16509,Sort Of,generic
464,197737,16488,Armitage Hux,character
465,10426,16469,Karkat Vantas,character
466,17238,16428,Darcy Lewis,character
467,575,16427,Sirius Black/Remus Lupin,relationship
468,12213,16373,Sherlock Holmes & John Watson,relationship
469,42974,16365,Gravity Falls,fandom
470,57451,16352,Free!,fandom
471,285,16332,Obi-Wan Kenobi,character
472,17960,16303,Spider-Man - All Media Types,fandom
473,137362,16196,Peter Parker & Tony Stark,relationship
474,1770,16134,Adventure,generic
475,1612,16107,Possessive Behavior,generic
476,1507,16084,Injury,generic
477,1361,16058,Threesome - F/M/M,generic
478,261092,16039,Yuri Plisetsky,character
479,189,16030,Torchwood,fandom
480,5547,16025,Loss of Virginity,generic
481,6006,16019,Damian Wayne,character
482,1464,16001,Past Abuse,generic
483,42369,15937,Thorin Oakenshield,character
484,5529,15936,Erik Lehnsherr,character
485,1054,15891,NCIS,fandom
486,49948,15883,Dan Howell,character
487,7826,15864,Percy Jackson and the Olympians - Rick Riordan,fandom
488,7275,15820,Alcohol Abuse/Alcoholism,generic
489,49949,15816,Phil Lester,character
490,34610,15785,Fake/Pretend Relationship,generic
491,21617,15765,Not Canon Compliant,generic
492,26856,15754,I Don't Even Know,generic
493,693,15738,Internalized Homophobia,generic
494,821,15731,Marriage,generic
495,11504,15677,Hawaii Five-0 (2010),fandom
496,2983,15666,Minor Violence,generic
497,1111,15618,Public Sex,generic
498,58103,15580,Byun Baekhyun,character
499,5075,15563,Banter,generic
500,2255,15546,My Chemical Romance,fandom
501,20929,15508,Dom/sub Undertones,generic
502,1221,15490,Exhibitionism,generic
503,209574,15434,Bakugou Katsuki/Midoriya Izuku,relationship
504,872,15432,Cheating,generic
505,11180,15358,NSFW,generic
506,190369,15322,Rey/Ben Solo | Kylo Ren,relationship
507,31420,15310,Erica Reyes,character
508,1178,15268,Luke Skywalker,character
509,21,15265,Rodney McKay,character
510,14611,15217,Blaine Anderson/Kurt Hummel,relationship
511,58104,15214,Park Chanyeol,character
512,43,15196,Dancing,generic
513,42558,15118,Alternate Universe - Coffee Shops & Cafés,generic
514,222264,15101,Iida Tenya,character
515,34365,15090,I'm Sorry,generic
516,1290,15068,Rose Tyler,character
517,234009,15062,Ignis Scientia,character
518,6452,15050,Underage Drinking,generic
519,27345,15039,Blood and Injury,generic
520,3911,15023,Hurt,generic
521,226097,15008,Ashido Mina,character
522,1564,14881,Luna Lovegood,character
523,15877,14878,Pepper Potts/Tony Stark,relationship
524,12731,14870,Confessions,generic
525,53344,14864,Drama & Romance,generic
526,7151,14845,Haruno Sakura,character
527,795,14831,Past Child Abuse,generic
528,559,14802,Crossdressing,generic
529,45265,14791,Kinda,generic
530,3500,14762,High School,generic
531,3140,14752,Supernatural Elements,generic
532,4597,14749,Halloween,generic
533,21668,14707,Childhood Friends,generic
534,2453,14702,Short,generic
535,15444,14687,Dragon Age II,fandom
536,725,14679,Bleach,fandom
537,5692,14676,Yaoi,generic
538,6740,14626,Modern AU,generic
539,7069,14602,Rape,generic
540,50233,14548,Other Character Tags to Be Added,character
541,8347,14536,Friends With Benefits,generic
542,16639,14525,Lena Luthor,character
543,3057,14484,Humiliation,generic
544,124355,14484,Prompto Argentum,character
545,20442,14469,Peggy Carter,character
546,1249,14450,Tenth Doctor,character
547,1509,14448,War,generic
548,107348,14447,Iwaizumi Hajime,character
549,16614,14428,Team as Family,generic
550,151455,14419,Bakugou Katsuki/Kirishima Eijirou,relationship
551,43747,14380,The Hobbit (Jackson Movies),fandom
552,504,14360,Lucius Malfoy,character
553,82567,14349,Dangan Ronpa - All Media Types,fandom
554,217,14348,Femslash,generic
555,47340,14348,I'm Bad At Tagging,generic
556,24658,14325,Fluff and Crack,generic
557,7503,14283,Whump,generic
558,3544,14277,Minerva McGonagall,character
559,36096,14276,Alternate Universe - Everyone Lives/Nobody Dies,generic
560,2278,14233,Jensen Ackles,character
561,6300,14206,Bilbo Baggins,character
562,69232,14199,Soulmate-Identifying Marks,generic
563,2911,14141,Lily Evans Potter,character
564,179571,14140,Critical Role (Web Series),fandom
565,98966,14138,Tsukishima Kei,character
566,1707,14118,Neville Longbottom,character
567,11786,14091,The Silmarillion and other histories of Middle-Earth - J. R. R. Tolkien,fandom
568,62454,14089,Cullen Rutherford,character
569,9833,14065,Family Drama,generic
570,162669,14027,Alexander Hamilton,character
571,66731,14023,Jemma Simmons,character
572,57097,14021,Jean Kirstein,character
573,6684,14015,Arya Stark,character
574,30829,14008,Short & Sweet,generic
575,17574,13986,Erik Lehnsherr/Charles Xavier,relationship
576,4613,13935,Trauma,generic
577,14835,13933,Prompt Fill,generic
578,9535,13915,Mildly Dubious Consent,generic
579,2697,13901,Avatar: The Last Airbender,fandom
580,6882,13896,Choking,generic
581,40840,13886,Kim Jongin | Kai,character
582,63435,13883,Erwin Smith,character
583,187914,13877,Kylo Ren/Rey,relationship
584,32846,13868,Feelings,generic
585,60456,13850,Armin Arlert,character
586,50654,13835,Emotional/Psychological Abuse,generic
587,5389,13831,Aftercare,generic
588,35947,13690,Mild Hurt/Comfort,generic
589,40457,13687,Self-Hatred,generic
590,171302,13676,Papyrus (Undertale),character
591,179268,13668,Richie Tozier,character
592,47047,13646,Felicity Smoak,character
593,23996,13646,Light BDSM,generic
594,39839,13639,Alpha/Omega,generic
595,3720,13597,Alternate Universe - No Powers,generic
596,14588,13556,True Love,generic
597,6330,13538,Recreational Drug Use,generic
598,201,13532,Threesome,generic
599,6478,13504,Guilt,generic
600,274480,13500,Class 1-A (My Hero Academia),character
601,445910,13495,Connor (Detroit: Become Human),character
602,63178,13491,Levi/Eren Yeager,relationship
603,7770,13462,Demons,generic
604,11989,13446,Steve McGarrett,character
605,12002,13441,Trans Character,generic
606,28973,13384,Hurt No Comfort,generic
607,20993,13376,Jackson Whittemore,character
608,2690,13353,Gore,generic
609,41813,13344,kind of,generic
610,255982,13329,Shinsou Hitoshi,character
611,234286,13305,Keith/Shiro (Voltron),relationship
612,2249,13253,Tragedy,generic
613,96755,13243,Raven Reyes,character
614,11653,13207,Implied Relationships,generic
615,1121,13205,Original Female Character,character
616,44391,13194,Tony Stark Has A Heart,generic
617,22094,13181,Out of Character,generic
618,223639,13126,Midoriya Izuku/Todoroki Shouto,relationship
619,11029,13112,Emotional Manipulation,generic
620,59663,13103,Mikasa Ackerman,character
621,9043,13088,John Egbert,character
622,1287,13086,Star Trek,fandom
623,1715,13077,Break Up,generic
624,226606,13062,Jesse McCree,character
625,4005,13053,Cuddling,generic
626,244675,13014,Spider-Man: Homecoming (2017),fandom
627,184770,13006,Persona 5,fandom
628,20076,13003,Daryl Dixon,character
629,98483,12980,Bokuto Koutarou,character
630,7033,12967,Recovery,generic
631,41019,12961,Captain Hook | Killian Jones,character
632,234,12940,Jack O'Neill,character
633,592,12934,Porn,generic
634,23084,12916,Fairy Tail,fandom
635,1531,12906,Bandom,fandom
636,15211,12899,Self-Esteem Issues,generic
637,546,12896,Episode Tag,generic
638,11951,12855,"Danny ""Danno"" Williams",character
639,2882,12849,Crushes,generic
640,93909,12826,IT - Stephen King,fandom
641,27344,12821,Major Character Injury,generic
642,7978,12777,Barebacking,generic
643,138,12773,Buffy Summers,character
644,17113,12744,Audio Format: MP3,generic
645,982,12734,Spock,character
646,179267,12717,Eddie Kaspbrak,character
647,61612,12705,Sugawara Koushi,character
648,10631,12689,Blood and Violence,generic
649,359701,12681,Anxiety | Virgil Sanders,character
650,18817,12639,Pocket Monsters | Pokemon - All Media Types,fandom
651,40839,12632,Do Kyungsoo | D.O,character
652,128887,12631,Gladiolus Amicitia,character
653,33083,12567,Vernon Boyd,character
654,2279,12557,Jared Padalecki,character
655,28200,12540,A Song of Ice and Fire & Related Fandoms,fandom
656,237062,12540,Dazai Osamu (Bungou Stray Dogs),character
657,1527,12538,Ghosts,generic
658,260541,12533,Kara Danvers/Lena Luthor,relationship
659,4498,12518,Reunions,generic
660,2320,12510,Gerard Way,character
661,95970,12496,Octavia Blake,character
662,229241,12481,Spider-Man (Tom Holland Movies),fandom
663,11694,12468,Ambiguous/Open Ending,generic
664,1511,12456,Memories,generic
665,4943,12453,Father-Son Relationship,generic
666,122798,12452,Dorian Pavus,character
667,94031,12444,Bellamy Blake/Clarke Griffin,relationship
668,191482,12434,Marinette Dupain-Cheng | Ladybug,character
669,32955,12426,Fire Emblem Series,fandom
670,10872,12413,Complete,generic
671,1213,12395,Unhealthy Relationships,generic
672,4350,12341,Alfred Pennyworth,character
673,226099,12334,Yaoyorozu Momo,character
674,15446,12319,Varric Tethras,character
675,37937,12318,Found Family,generic
676,7827,12314,Percy Jackson,character
677,26963,12297,Texting,generic
678,62213,12271,First Dates,generic
679,654,12267,Valentine's Day,generic
680,1388,12238,Reincarnation,generic
681,2276,12236,Jensen Ackles/Jared Padalecki,relationship
682,58005,12226,Angst and Fluff and Smut,generic
683,356498,12210,"Creativity | Roman ""Princey"" Sanders",character
684,459963,12208,Wèi Yīng | Wèi Wúxiàn,character
685,280697,12198,Yamada Hizashi | Present Mic,character
686,13742,12171,Shower Sex,generic
687,114221,12170,GOT7,fandom
688,241452,12164,Riverdale (TV 2017),fandom
689,23218,12136,Scott McCall (Teen Wolf),character
690,48865,12108,Oh Sehun,character
691,61611,12091,Sawamura Daichi,character
692,2367,12058,Secrets,generic
693,10044,12032,Mass Effect,fandom
694,133114,12030,Jung Hoseok | J-Hope/Min Yoongi | Suga,relationship
695,938,12028,The Lord of the Rings - J. R. R. Tolkien,fandom
696,305,12006,Action,generic
697,1066,11978,Backstory,generic
698,27199,11973,Eventual Happy Ending,generic
699,2103,11972,Leonard McCoy,character
700,152134,11965,DC's Legends of Tomorrow (TV),fandom
701,125166,11940,Lexa (The 100),character
702,19158,11883,Shameless (US),fandom
703,356497,11844,Logic | Logan Sanders,character
704,16321,11839,Memory Loss,generic
705,7730,11835,Gabriel/Sam Winchester,relationship
706,133038,11831,Fantastic Beasts and Where to Find Them (Movies),fandom
707,23817,11820,Isabelle Lightwood,character
708,27437,11810,Crack Treated Seriously,generic
709,34237,11803,Evil Queen | Regina Mills/Emma Swan,relationship
710,168,11795,due South,fandom
711,283,11793,Star Wars Prequel Trilogy,fandom
712,18952,11784,Stephen Strange,character
713,29122,11777,Maria Hill,character
714,7493,11773,Weddings,generic
715,7488,11739,Angst and Humor,generic
716,1177,11722,Han Solo,character
717,17633,11717,Nico di Angelo,character
718,382453,11705,Stray Kids (Band),fandom
719,51503,11688,Star Wars: The Clone Wars (2008) - All Media Types,fandom
720,3417,11684,Don’t copy to another site,generic
721,1720,11669,Criminal Minds,fandom
722,179265,11628,Eddie Kaspbrak/Richie Tozier,relationship
723,202847,11626,no beta we die like men,generic
724,7452,11619,Lucifer (Supernatural),character
725,51794,11592,No Smut,generic
726,3217,11585,George Weasley,character
727,29946,11558,Charlie Bradbury,character
728,135032,11554,Daredevil (TV),fandom
729,874,11524,Smoking,generic
730,19088,11520,Healing,generic
731,8924,11510,Art,generic
732,9044,11507,Rose Lalonde,character
733,13418,11506,Pain,generic
734,4900,11506,Jaime Lannister,character
735,10965,11488,Male Slash,generic
736,12214,11474,Jim Moriarty,character
737,18724,11454,Overstimulation,generic
738,2321,11427,Frank Iero,character
739,181976,11415,Marinette Dupain-Cheng,character
740,40877,11401,Implied/Referenced Torture,generic
741,84596,11390,Skye | Daisy Johnson,character
742,20422,11381,Body Horror,generic
743,66730,11379,Leo Fitz,character
744,15849,11378,One-Sided Attraction,generic
745,2891,11370,Pansy Parkinson,character
746,7361,11366,Alternate Universe - Vampire,generic
747,459962,11360,Lán Zhàn | Lán Wàngjī,character
748,11503,11359,"Steve McGarrett/Danny ""Danno"" Williams",relationship
749,191483,11358,Adrien Agreste | Chat Noir,character
750,1539,11350,Daniel Jackson,character
751,5573,11330,Arranged Marriage,generic
752,1827,11330,Star Trek: The Original Series,fandom
753,238693,11319,Lee Donghyuck | Haechan,character
754,27127,11305,5+1 Things,generic
755,356496,11304,Morality | Patton Sanders,character
756,8180,11283,Anakin Skywalker,character
757,42748,11276,Enjolras (Les Misérables),character
758,443082,11251,Hank Anderson,character
759,23869,11243,Mild Sexual Content,generic
760,98484,11226,Akaashi Keiji,character
761,1826,11209,James T. Kirk/Spock,relationship
762,10028,11193,Matt Murdock,character
763,9029,11190,Hugs,generic
764,44823,11190,Emotional Hurt,generic
765,782,11165,Marvel (Comics),fandom
766,26775,11163,Sleepy Cuddles,generic
767,19156,11163,Ian Gallagher/Mickey Milkovich,relationship
768,32298,11151,Creampie,generic
769,7495,11125,World Wrestling Entertainment,fandom
770,130407,11114,Clarke Griffin/Lexa,relationship
771,51351,11106,Rooster Teeth/Achievement Hunter RPF,fandom
772,181052,11102,Alya Césaire,character
773,7818,10980,Percy Jackson and the Olympians & Related Fandoms - All Media Types,fandom
774,236281,10973,Bakugou Katsuki Swears A Lot,generic
775,43468,10972,Platonic Relationships,generic
776,2581,10953,Betrayal,generic
777,903,10930,Amnesia,generic
778,2188,10927,Werewolves,generic
779,112034,10920,Video Blogging RPF,fandom
780,181975,10917,Adrien Agreste,character
781,1723,10912,Spencer Reid,character
782,2144,10890,Double Penetration,generic
783,643,10881,Male-Female Friendship,generic
784,47046,10828,Oliver Queen/Felicity Smoak,relationship
785,1014,10824,Humour,generic
786,214842,10757,Sero Hanta,character
787,19160,10755,Mickey Milkovich,character
788,59,10751,The Sentinel,fandom
789,15963,10749,Nipple Play,generic
790,492,10745,Ianto Jones,character
791,6553,10740,Doctor Who & Related Fandoms,fandom
792,5457,10725,Wade Wilson,character
793,13005,10711,Married Couple,generic
794,225671,10709,Reaper | Gabriel Reyes,character
795,6830,10681,Begging,generic
796,95794,10674,Strangers to Lovers,generic
797,19159,10670,Ian Gallagher,character
798,1233,10660,POV Alternating,generic
799,1805,10653,Alternate Universe - Canon,generic
800,459960,10639,Lán Zhàn | Lán Wàngjī/Wèi Yīng | Wèi Wúxiàn,relationship
801,279,10613,Smallville,fandom
802,3182,10608,Riding,generic
803,17575,10594,X-Men: First Class (2011) - Fandom,fandom
804,42749,10582,Grantaire (Les Misérables),character
805,2164,10557,Drugs,generic
806,10719,10547,Blood Drinking,generic
807,5331,10529,Manipulation,generic
808,754,10525,Rodney McKay/John Sheppard,relationship
809,6375,10514,Dragon Age: Origins,fandom
810,155378,10502,References to Depression,generic
811,97741,10490,Kozume Kenma,character
812,48221,10488,Meet-Cute,generic
813,2883,10476,Awkwardness,generic
814,34458,10466,Face-Fucking,generic
815,493426,10464,陈情令 | The Untamed (TV),fandom
816,10657,10464,Underage Sex,generic
817,1275,10438,Infidelity,generic
818,16613,10435,Fluff and Hurt/Comfort,generic
819,5862,10434,Insecurity,generic
820,1621,10420,Katekyou Hitman Reborn!,fandom
821,45803,10412,Gavin Free,character
822,3216,10403,Hermione Granger/Ron Weasley,relationship
823,9536,10394,Implied/Referenced Drug Use,generic
824,23818,10391,Jace Wayland,character
825,16279,10375,Physical Abuse,generic
826,104758,10372,Iwaizumi Hajime/Oikawa Tooru,relationship
827,15968,10369,Fingering,generic
828,10674,10343,Heartbreak,generic
829,19361,10331,Loki,character
830,1205,10330,Fall Out Boy,fandom
831,271165,10305,Kim Namjoon | RM/Kim Seokjin | Jin,relationship
832,741,10299,Fox Mulder,character
833,2893,10288,Alternate Universe - Historical,generic
834,1687,10249,Harry Potter/Severus Snape,relationship
835,7691,10212,Blaise Zabini,character
836,393,10207,Bonding,generic
837,25409,10182,Clint Barton/Natasha Romanov,relationship
838,7049,10169,Dorks in Love,generic
839,8078,10150,Revenge,generic
840,44899,10146,Captain Hook | Killian Jones/Emma Swan,relationship
841,529223,10135,声入人心 | Super-Vocal (TV),fandom
842,1528,10128,Peter Pettigrew,character
843,192,10123,PTSD,generic
844,7050,10094,Sweet,generic
845,1587,10084,The Lord of the Rings - All Media Types,fandom
846,232085,10081,Midoriya Inko,character
847,42841,10068,Dipper Pines,character
848,49,10056,Dana Scully,character
849,45038,10033,Narcissa Black Malfoy,character
850,1933,10033,Pete Wentz,character
851,63436,10032,Hange Zoë,character
852,116194,10028,Geralt z Rivii | Geralt of Rivia,character
853,3157,10022,Mutual Masturbation,generic
854,856,10014,Birthday,generic
855,22958,10005,Clint Barton/Phil Coulson,relationship
856,52336,9987,逆転裁判 | Gyakuten Saiban | Ace Attorney,fandom
857,32341,9982,Leonard Snart,character
858,229793,9979,New Dangan Ronpa V3: Everyone's New Semester of Killing,fandom
859,72589,9970,Sara Lance,character
860,4612,9930,Psychological Trauma,generic
861,20369,9918,Hospitals,generic
862,105410,9897,Check Please! (Webcomic),fandom
863,3887,9891,Unplanned Pregnancy,generic
864,20623,9877,Audio Format: Streaming,generic
865,8287,9869,Real Person Fiction,fandom
866,9966,9842,Thor,character
867,236015,9834,Nakahara Chuuya (Bungou Stray Dogs),character
868,233285,9814,Dabi (My Hero Academia),character
869,226094,9801,Jirou Kyouka,character
870,45802,9778,Michael Jones,character
871,5404,9732,Temporary Character Death,generic
872,57456,9723,Nanase Haruka,character
873,26842,9720,Body Worship,generic
874,45744,9707,Sad Ending,generic
875,26354,9706,Snow White | Mary Margaret Blanchard,character
876,89164,9704,Hinata Shouyou/Kageyama Tobio,relationship
877,8400,9703,Crowley (Supernatural),character
878,3073,9703,Arguing,generic
879,391462,9699,Mark Lee (NCT),character
880,66417,9698,Yang Xiao Long,character
881,70875,9633,The Heroes of Olympus - Rick Riordan,fandom
882,64130,9613,Canon Universe,generic
883,5948,9612,Size Kink,generic
884,43288,9592,Henry Mills (Once Upon a Time),character
885,40838,9592,Kim Jongdae | Chen,character
886,4204,9589,Drunk Sex,generic
887,206,9589,Angel: the Series,fandom
888,9973,9586,The Hobbit - J. R. R. Tolkien,fandom
889,5276,9584,Eleventh Doctor,character
890,170639,9582,Monsta X (Band),fandom
891,4084,9562,Fred Weasley,character
892,56818,9526,Melinda May,character
893,10222,9501,Inception (2010),fandom
894,27950,9492,Belle (Once Upon a Time),character
895,2139,9458,X-Men - All Media Types,fandom
896,11548,9452,Homophobic Language,generic
897,9488,9446,Перевод на русский | Translation in Russian,generic
898,7456,9421,Daenerys Targaryen,character
899,7952,9415,Hermione Granger/Draco Malfoy,relationship
900,226607,9412,Hanzo Shimada,character
901,36683,9403,Size Difference,generic
902,58788,9403,Ryan Haywood,character
903,1056,9397,Anthony DiNozzo,character
904,135050,9397,Kim Taehyung | V/Park Jimin,relationship
905,11598,9368,Destiel - Freeform,generic
906,16020,9365,South Park,fandom
907,3787,9365,Holidays,generic
908,42368,9360,Kíli,character
909,98967,9346,Yamaguchi Tadashi,character
910,14553,9343,Rick Grimes,character
911,317,9339,Dreams,generic
912,5548,9327,Music,generic
913,17175,9318,Asexual Character,generic
914,228240,9295,Lee Taeyong,character
915,29934,9288,Tom Riddle | Voldemort,character
916,19692,9284,Pidge (Voltron),character
917,1148,9282,POV Third Person,generic
918,65441,9281,Implied/Referenced Alcohol Abuse/Alcoholism,generic
919,43115,9273,Sorry Not Sorry,generic
920,57458,9263,Matsuoka Rin,character
921,42473,9256,Bilbo Baggins/Thorin Oakenshield,relationship
922,222552,9251,Genji Shimada,character
923,4464,9245,Non-Graphic Violence,generic
924,118739,9240,Cisco Ramon,character
925,27431,9239,Avatar: Legend of Korra,fandom
926,239687,9219,The Adventure Zone (Podcast),fandom
927,25380,9208,Loki/Tony Stark,relationship
928,20193,9202,Jarvis (Iron Man movies),character
929,221583,9199,"Angela ""Mercy"" Ziegler",character
930,53072,9199,Clary Fray,character
931,22020,9177,Mycroft Holmes/Greg Lestrade,relationship
932,18608,9176,K-pop,fandom
933,46183,9157,Tony Stark Needs a Hug,generic
934,111576,9156,Gotham (TV),fandom
935,19336,9131,Blowjobs,generic
936,24539,9121,Miscommunication,generic
937,952,9112,Jack Harkness/Ianto Jones,relationship
938,27576,9106,Red vs. Blue,fandom
939,591,9102,Edward Elric,character
940,22942,9098,Past Rape/Non-con,generic
941,315,9089,Drunkenness,generic
942,33255,9085,Past Character Death,generic
943,27696,9085,Fluffy,generic
944,16185,9074,Hockey RPF,fandom
945,3762,9049,College,generic
946,173632,9046,Jeon Jungkook/Min Yoongi | Suga,relationship
947,238691,9045,Na Jaemin,character
948,6119,9040,Football RPF,fandom
949,23589,9034,Rumplestiltskin | Mr. Gold,character
950,39130,9030,Anxiety Attacks,generic
951,417,9011,James Bond,character
952,169984,8993,Frisk (Undertale),character
953,2586,8991,Dysfunctional Family,generic
954,16676,8991,Brienne of Tarth,character
955,1060,8990,Jethro Gibbs,character
956,162668,8990,John Laurens,character
957,4274,8981,Mind Control,generic
958,2145,8963,Prostitution,generic
959,45832,8958,Denial of Feelings,generic
960,712,8957,Case Fic,generic
961,82232,8952,Twenty One Pilots,fandom
962,16456,8941,alternative universe,generic
963,42367,8920,Fíli,character
964,26801,8906,Rough Oral Sex,generic
965,61385,8903,"Leonard ""Bones"" McCoy",character
966,30858,8900,One Shot Collection,generic
967,1714,8897,First Love,generic
968,11020,8892,Hopeful Ending,generic
969,181024,8876,Fallout 4,fandom
970,27401,8875,Omega Verse,generic
971,57457,8871,Tachibana Makoto,character
972,323788,8858,Ned Leeds,character
973,3114,8852,Final Fantasy VII,fandom
974,173125,8846,Wiedźmin | The Witcher - All Media Types,fandom
975,17953,8826,Pietro Maximoff,character
976,51557,8824,May Parker (Spider-Man),character
977,5929,8818,Frank Iero/Gerard Way,relationship
978,37018,8815,Awkward Flirting,generic
979,19376,8804,"James ""Bucky"" Barnes & Steve Rogers",relationship
980,2576,8799,Adoption,generic
981,262390,8797,Otabek Altin,character
982,254612,8789,Steve Harrington,character
983,20653,8782,Vomiting,generic
984,15765,8779,Castiel & Dean Winchester,relationship
985,10139,8774,Fights,generic
986,239165,8772,Matt Holt,character
987,4623,8759,Romantic Comedy,generic
988,74025,8731,Unhealthy Coping Mechanisms,generic
989,66414,8730,Blake Belladonna,character
990,238692,8713,Lee Jeno,character
991,1599,8709,Fingerfucking,generic
992,590,8704,Roy Mustang,character
993,15981,8701,Love/Hate,generic
994,5100,8679,Zuko (Avatar),character
995,66405,8676,Weiss Schnee,character
996,74653,8665,Spock (Star Trek),character
997,3746,8632,Mild Gore,generic
998,14750,8623,Hair-pulling,generic
999,31628,8614,Mental Instability,generic
1000,45779,8610,Enjolras/Grantaire,relationship
1001,4914,8607,Teacher-Student Relationship,generic
1002,26508,8595,Person of Interest (TV),fandom
1003,226096,8576,Asui Tsuyu,character
1004,106,8571,Jo Harvelle,character
1005,242577,8564,soft,generic
1006,20846,8563,Melissa McCall,character
1007,3531,8563,Patrick Stump,character
1008,181048,8546,Adrien Agreste/Marinette Dupain-Cheng,relationship
1009,40753,8533,Rise of the Guardians (2012),fandom
1010,773,8520,Fox Mulder/Dana Scully,relationship
1011,16653,8519,Robb Stark,character
1012,57737,8519,5 Seconds of Summer (Band),fandom
1013,50092,8508,The Transformers (IDW Generation One),fandom
1014,26088,8502,Simon Lewis,character
1015,50679,8500,Cassandra Pentaghast,character
1016,51551,8474,I Will Go Down With This Ship,generic
1017,33728,8471,Zayn Malik/Liam Payne,relationship
1018,15725,8470,Kuroshitsuji | Black Butler,fandom
1019,2258,8460,Alternate Universe - Gender Changes,generic
1020,39554,8450,James Bond (Craig movies),fandom
1021,24779,8447,Dirk Strider,character
1022,121545,8411,Jughead Jones,character
1023,24308,8399,Alternate Universe - Royalty,generic
1024,184772,8396,Kurusu Akira,character
1025,151926,8395,Jaskier | Dandelion,character
1026,19074,8379,Declarations Of Love,generic
1027,4027,8377,Scars,generic
1028,47232,8371,Other Relationship Tags to Be Added,relationship
1029,8011,8363,Other(s),character
1030,719,8363,Tattoos,generic
1031,19115,8351,Canon Era,generic
1032,189060,8317,Ben Solo,character
1033,288185,8307,Bill Denbrough,character
1034,42345,8305,Female Shepard (Mass Effect),character
1035,1903,8301,Post-War,generic
1036,26420,8282,Originally Posted on Tumblr,generic
1037,2115,8282,Star Trek: Voyager,fandom
1038,17233,8278,Funny,generic
1039,33343,8278,Jane Foster (Marvel),character
1040,82233,8277,Tyler Joseph,character
1041,981,8276,Nyota Uhura,character
1042,264868,8267,Phichit Chulanont,character
1043,14764,8262,Cross-Posted on FanFiction.Net,generic
1044,13808,8261,Young Justice (Cartoon),fandom
1045,7809,8261,Protectiveness,generic
1046,69561,8257,Implied/Referenced Homophobia,generic
1047,14435,8253,Lemon,generic
1048,191484,8248,Nino Lahiffe,character
1049,36156,8244,Lesbian Sex,generic
1050,28406,8242,Sherlock Holmes/Molly Hooper,relationship
1051,64340,8240,Iris West,character
1052,6601,8238,Mary Morstan,character
1053,18641,8234,Fullmetal Alchemist: Brotherhood & Manga,fandom
1054,2106,8226,Alternate Universe - Fusion,generic
1055,8051,8219,Star Wars Original Trilogy,fandom
1056,222488,8204,Jung Yoonoh | Jaehyun,character
1057,1721,8202,Aaron Hotchner,character
1058,97,8199,Mary Winchester,character
1059,11035,8195,Anal,generic
1060,20524,8195,Loneliness,generic
1061,5461,8187,Wally West,character
1062,767,8178,Dean Winchester & Sam Winchester,relationship
1063,1616,8178,Science Fiction,generic
1064,29541,8176,Chris Argent,character
1065,33654,8175,Kuroko Tetsuya,character
1066,40834,8166,Kim Minseok | Xiumin,character
1067,8417,8166,Harry Potter/Ginny Weasley,relationship
1068,511,8145,Post-Series,generic
1069,6188,8143,Canon Divergence,generic
1070,9046,8129,Jade Harley,character
1071,364148,8125,IT (Movies - Muschietti),fandom
1072,42842,8091,Mabel Pines,character
1073,82234,8091,Josh Dun,character
1074,8884,8085,Teenagers,generic
1075,36795,8081,Lingerie,generic
1076,57098,8076,Marco Bott,character
1077,46597,8066,Fix-It of Sorts,generic
1078,3442,8059,Logan (X-Men),character
1079,46289,8051,Rating May Change,generic
1080,26231,8049,Mild Smut,generic
1081,23843,8049,Minor Injuries,generic
1082,444609,8044,Gavin Reed,character
1083,121539,8042,Betty Cooper,character
1084,6143,8030,Genderbending,generic
1085,2894,8030,Slavery,generic
1086,228362,8028,Rogue One: A Star Wars Story (2016),fandom
1087,41277,8022,James Potter/Lily Evans Potter,relationship
1088,12365,8016,Hunger Games Trilogy - Suzanne Collins,fandom
1089,280096,7999,The Magnus Archives (Podcast),fandom
1090,15559,7979,Podfic & Podficced Works,generic
1091,3022,7978,White Collar,fandom
1092,339231,7973,Shigaraki Tomura | Shimura Tenko,character
1093,2256,7959,Mikey Way,character
1094,542,7958,Actor RPF,fandom
1095,9340,7956,Monkey D. Luffy,character
1096,18932,7951,Roommates,generic
1097,17986,7950,Marvel (Movies),fandom
1098,117257,7944,Caitlin Snow,character
1099,340276,7941,Todoroki Enji | Endeavor,character
1100,8958,7941,Transformers Generation One,fandom
1101,80011,7940,Kira Yukimura,character
1102,94,7939,Pre-Series,generic
1103,3516,7926,Language,generic
1104,14398,7905,Teen Romance,generic
1105,20384,7902,Headcanon,generic
1106,246809,7902,Dazai Osamu/Nakahara Chuuya (Bungou Stray Dogs),relationship
1107,1266,7897,X-Men (Movieverse),fandom
1108,228681,7896,Soldier: 76 | Jack Morrison,character
1109,1891,7879,Brendon Urie,character
1110,341875,7873,Michelle Jones,character
1111,109,7872,POV Female Character,generic
1112,20751,7864,Link (Legend of Zelda),character
1113,37352,7857,Implied/Referenced Abuse,generic
1114,37857,7854,Cora Hale,character
1115,14645,7849,Kanaya Maryam,character
1116,10941,7836,Psychological Torture,generic
1117,300,7835,OFC,character
1118,270090,7831,Adrien Agreste | Chat Noir/Marinette Dupain-Cheng | Ladybug,relationship
1119,93911,7831,Beverly Marsh,character
1120,114319,7830,Final Fantasy XIV,fandom
1121,3990,7827,Rachel Berry,character
1122,5774,7825,Morgana (Merlin),character
1123,154820,7823,Fire Emblem: If | Fire Emblem: Fates,fandom
1124,275185,7821,Huang Ren Jun,character
1125,40304,7808,Brotherly Love,generic
1126,770,7799,Brothers,generic
1127,15422,7782,College AU,generic
1128,16220,7778,Grinding,generic
1129,9666,7773,Alternate Universe - Magic,generic
1130,33653,7773,Aomine Daiki,character
1131,45804,7769,Geoff Ramsey,character
1132,3237,7766,Molly Weasley,character
1133,356122,7758,Stanley Uris,character
1134,7453,7742,Michael (Supernatural),character
1135,9003,7742,Anders (Dragon Age),character
1136,6333,7719,Self-Indulgent,generic
1137,114222,7718,Jackson Wang,character
1138,10307,7668,Gwen (Merlin),character
1139,476513,7664,Jiāng Chéng | Jiāng Wǎnyín,character
1140,10577,7659,Anger,generic
1141,127490,7652,Im Jaebum | JB,character
1142,102220,7645,Iron Bull,character
1143,11055,7623,Leliana (Dragon Age),character
1144,2371,7622,Politics,generic
1145,7769,7622,Witches,generic
1146,2212,7622,Genderswap,generic
1147,37438,7619,Love Triangles,generic
1148,593149,7619,My Unit | Byleth,character
1149,1008,7590,Phone Sex,generic
1150,1632,7588,Vignette,generic
1151,3012,7581,Roy Harper,character
1152,4640,7557,Identity Reveal,generic
1153,16330,7557,Fenris (Dragon Age),character
1154,18816,7550,Pocket Monsters | Pokemon (Main Video Game Series),fandom
1155,727,7547,One-Shot,generic
1156,7819,7535,Annabeth Chase,character
1157,2008,7519,Fanfiction,generic
1158,3619,7491,Dragons,generic
1159,15236,7479,Dragon Ball,fandom
1160,12164,7477,Minor Characters,character
1161,177024,7476,Kim Mingyu,character
1162,15621,7476,Fanvids,generic
1163,380,7468,Food,generic
1164,1640,7467,Sexual Fantasy,generic
1165,31422,7452,Danny Mahealani,character
1166,176633,7449,Aziraphale & Crowley (Good Omens),relationship
1167,636,7448,Parenthood,generic
1168,1584,7444,Spike (BtVS),character
1169,91946,7443,Vision (Marvel),character
1170,7328,7443,Children,generic
1171,26310,7437,Tags May Change,generic
1172,11899,7421,Families of Choice,generic
1173,175324,7416,Lee Jihoon | Woozi,character
1174,8905,7409,Blindfolds,generic
1175,583,7408,Road Trips,generic
1176,11181,7408,Digital Art,generic
1177,54924,7405,No Plot/Plotless,generic
1178,10191,7399,The Doctor (Doctor Who),character
1179,62878,7398,Slow Romance,generic
1180,129579,7395,Pearl (Steven Universe),character
1181,16779,7393,Developing Friendships,generic
1182,14360,7380,Uchiha Itachi,character
1183,177022,7365,Jeon Wonwoo,character
1184,5472,7361,Forbidden Love,generic
1185,12120,7360,Mrs. Hudson,character
1186,15008,7359,Punishment,generic
1187,1510,7354,Hallucinations,generic
1188,17262,7347,Eating Disorders,generic
1189,129578,7344,Steven Universe,character
1190,548,7344,Law & Order: SVU,fandom
1191,1883,7343,Parody,generic
1192,6713,7340,Suspense,generic
1193,544760,7337,The Umbrella Academy (TV),fandom
1194,4182,7336,Tentacles,generic
1195,241690,7332,Mystic Messenger (Video Game),fandom
1196,22255,7325,Happy Hogan,character
1197,304371,7321,The Witcher (TV),fandom
1198,40835,7318,Zhang Yi Xing | Lay,character
1199,4946,7318,Marvel 616,fandom
1200,10336,7316,Loss,generic
1201,169980,7304,Toriel (Undertale),character
1202,1797,7302,Drabbles,generic
1203,54334,7301,Pet Names,generic
1204,24212,7298,Original Female Character/Original Male Character,relationship
1205,177023,7289,Kwon Soonyoung | Hoshi,character
1206,136439,7288,T'Challa (Marvel),character
1207,14036,7283,Lotor (Voltron),character
1208,31072,7274,Jason Grace,character
1209,25075,7271,The Vampire Diaries (TV),fandom
1210,42237,7268,Benny Lafitte,character
1211,25641,7267,Deepthroating,generic
1212,43450,7264,Period-Typical Homophobia,generic
1213,32779,7264,Maggie Sawyer,character
1214,57144,7260,Super Dangan Ronpa 2,fandom
1215,25027,7256,The Author Regrets Nothing,generic
1216,91521,7255,"Gary ""Eggsy"" Unwin",character
1217,58,7253,Jim Ellison/Blair Sandburg,relationship
1218,25001,7251,Some Humor,generic
1219,176,7245,Schmoop,generic
1220,6620,7243,Fighting,generic
1221,8,7238,POV Outsider,generic
1222,7029,7235,Love at First Sight,generic
1223,16181,7234,Fear,generic
1224,21822,7230,Everyone Is Gay,generic
1225,83975,7229,Liam Dunbar,character
1226,5499,7228,Collars,generic
1227,90185,7223,全职高手 - 蝴蝶蓝 | Quánzhí Gāoshǒu - Húdié Lán,fandom
1228,58915,7218,I Tried,generic
1229,2756,7215,Scorpius Malfoy,character
1230,10362,7215,Sollux Captor,character
1231,32270,7210,Cuddles,generic
1232,202673,7208,Lucifer (TV),fandom
1233,51383,7206,i guess,generic
1234,6233,7198,My First Fanfic,generic
1235,3349,7187,Bittersweet,generic
1236,11728,7178,Emmerdale,fandom
1237,75697,7178,Nishinoya Yuu,character
1238,56305,7171,Fluffy Ending,generic
1239,356123,7169,Mike Hanlon,character
1240,395583,7165,Bang Chan,character
1241,880,7164,Sam Carter,character
1242,3877,7158,Batman,character
1243,6416,7155,America (Hetalia: Axis Powers),character
1244,16683,7145,Tyrion Lannister,character
1245,12211,7139,Mental Breakdown,generic
1246,10427,7139,Terezi Pyrope,character
1247,27448,7139,Laura Hale,character
1248,108,7135,Gift Fic,generic
1249,13650,7121,Relationship(s),generic
1250,28212,7104,Hunger Games Series - All Media Types,fandom
1251,304370,7098,Geralt z Rivii | Geralt of Rivia/Jaskier | Dandelion,relationship
1252,11086,7094,Inspired by Music,generic
1253,165641,7091,Choi Seungcheol | S.Coups,character
1254,91376,7088,The Legend of Zelda & Related Fandoms,fandom
1255,59840,7076,Welcome to Night Vale,fandom
1256,1107,7073,Breathplay,generic
1257,21243,7072,Podfic Length: 0-10 Minutes,generic
1258,28151,7072,Mick Rory,character
1259,58906,7062,Luke Hemmings,character
1260,4709,7052,Work In Progress,generic
1261,57618,7049,Kujo Jotaro,character
1262,8959,7046,Optimus Prime,character
1263,10231,7043,Arthur (Inception),character
1264,8283,7042,Background & Cameo Characters,character
1265,9537,7040,Non-Consensual Drug Use,generic
1266,47758,7037,"James ""Bucky"" Barnes/Tony Stark",relationship
1267,4587,7033,Derek Morgan,character
1268,336419,7031,Rose Tico,character
1269,59057,7031,Fire Emblem: Kakusei | Fire Emblem: Awakening,fandom
1270,42484,7028,Accidental Voyeurism,generic
1271,13440,7023,My First Work in This Fandom,generic
1272,107768,7019,Tokyo Ghoul,fandom
1273,60901,7017,Childhood Trauma,generic
1274,169977,7007,Undyne (Undertale),character
1275,56804,7002,Why Did I Write This?,generic
1276,9337,6989,Roronoa Zoro,character
1277,10959,6989,Cannibalism,generic
1278,141,6983,Xander Harris,character
1279,298776,6981,She-Ra and the Princesses of Power (2018),fandom
1280,20706,6978,Original Male Character/Original Male Character,relationship
1281,10221,6975,Arthur/Eames (Inception),relationship
1282,846,6972,Leverage,fandom
1283,50036,6961,Fluff without Plot,generic
1284,93910,6953,Ben Hanscom,character
1285,13596,6944,Family Issues,generic
1286,17344,6943,Nonbinary Character,generic
1287,28,6939,Firefly,fandom
1288,2786,6936,Father-Daughter Relationship,generic
1289,3506,6929,Hunter X Hunter,fandom
1290,159952,6920,Yoon Jeonghan,character
1291,39042,6919,Malia Tate,character
1292,1581,6902,Silly,generic
1293,10598,6887,Crossovers & Fandom Fusions,generic
1294,38199,6886,Song Lyrics,generic
1295,57407,6875,Mass Effect Trilogy,fandom
1296,88601,6874,Peter Quill,character
1297,13187,6870,England (Hetalia: Axis Powers),character
1298,11090,6862,Tenth Doctor/Rose Tyler,relationship
1299,20775,6861,Odin (Marvel),character
1300,110920,6859,"James ""Bucky"" Barnes/Reader",relationship
1301,58663,6856,Vibrators,generic
1302,14795,6848,Gwaine (Merlin),character
1303,428454,6843,Han Jisung | Han,character
1304,466098,6837,Lán Huàn | Lán Xīchén,character
1305,243212,6837,Mike Wheeler,character
1306,102218,6834,Female Inquisitor (Dragon Age),character
1307,280696,6832,Aizawa Shouta | Eraserhead/Yamada Hizashi | Present Mic,relationship
1308,103895,6821,Akaashi Keiji/Bokuto Koutarou,relationship
1309,48678,6820,Deadpool - All Media Types,fandom
1310,24499,6817,Elder Scrolls V: Skyrim,fandom
1311,5147,6816,Cloud Strife,character
1312,4602,6814,Domestic Violence,generic
1313,16675,6813,Jaime Lannister/Brienne of Tarth,relationship
1314,118106,6811,Kim Taehyung | V/Min Yoongi | Suga,relationship
1315,187564,6805,Poe Dameron/Finn,relationship
1316,20989,6800,Allison Argent/Scott McCall,relationship
1317,26872,6794,Jon Snow/Sansa Stark,relationship
1318,335039,6792,Peter Parker Needs a Hug,generic
1319,8090,6790,Original Character Death(s),generic
1320,66275,6789,Bill Cipher,character
1321,8750,6787,Coming of Age,generic
1322,6489,6787,Rare Pairings,generic
1323,2014,6786,Original Male Character,character
1324,14358,6782,Uchiha Sasuke/Uzumaki Naruto,relationship
1325,25434,6778,blowjob,generic
1326,61826,6778,Pacific Rim (2013),fandom
1327,10672,6773,Growing Up,generic
1328,140,6769,Willow Rosenberg,character
1329,89886,6767,ダイヤのA | Daiya no A | Ace of Diamond,fandom
1330,14294,6759,Handcuffs,generic
1331,41995,6755,First Time Blow Jobs,generic
1332,2354,6755,Secret Identity,generic
1333,82231,6747,Josh Dun/Tyler Joseph,relationship
1334,90042,6734,Raven Cycle - Maggie Stiefvater,fandom
1335,48310,6727,Family Bonding,generic
1336,186261,6727,おそ松さん | Osomatsu-san (Anime),fandom
1337,10233,6694,Eames (Inception),character
1338,33414,6694,Peter Hale/Stiles Stilinski,relationship
1339,12394,6680,Sebastian Moran,character
1340,3023,6680,Neal Caffrey,character
1341,10048,6679,Garrus Vakarian,character
1342,9736,6677,No Fandom,fandom
1343,197736,6673,Armitage Hux/Kylo Ren,relationship
1344,7096,6671,Winter,generic
1345,4609,6659,Barbara Gordon,character
1346,43027,6652,Attempted Rape/Non-Con,generic
1347,9947,6651,Marking,generic
1348,1103,6651,Female Friendship,generic
1349,33691,6650,Background Relationships,generic
1350,280,6647,Lex Luthor,character
1351,18771,6645,Unresolved Romantic Tension,generic
1352,5487,6644,Siblings,generic
1353,36745,6641,Kagami Taiga,character
1354,69322,6639,Leo Fitz/Jemma Simmons,relationship
1355,388729,6637,Hwang Hyunjin,character
1356,11095,6635,Comfort/Angst,generic
1357,101213,6632,Abby Griffin,character
1358,52870,6624,Unrequited Crush,generic
1359,57738,6621,Michael Clifford,character
1360,27050,6620,Fullmetal Alchemist - All Media Types,fandom
1361,3119,6618,InuYasha - A Feudal Fairy Tale,fandom
1362,169976,6610,Alphys (Undertale),character
1363,30752,6606,Peter Parker/Wade Wilson,relationship
1364,11972,6575,POV Multiple,generic
1365,905,6566,Stalking,generic
1366,232499,6563,Otabek Altin/Yuri Plisetsky,relationship
1367,35753,6559,Sexual Humor,generic
1368,585,6559,Male Friendship,generic
1369,222487,6558,Kim Dongyoung | Doyoung,character
1370,47354,6553,Newt Scamander,character
1371,20611,6552,Loki/Thor,relationship
1372,32555,6549,Fallout (Video Games),fandom
1373,38909,6547,James Bond/Q,relationship
1374,49672,6546,Trans Female Character,generic
1375,8688,6541,Alistair (Dragon Age),character
1376,74788,6534,Will Solace,character
1377,17484,6520,Anal Play,generic
1378,180048,6511,Gilbert du Motier Marquis de Lafayette,character
1379,13999,6510,Long-Distance Relationship,generic
1380,3952,6507,Aftermath of Torture,generic
1381,5260,6507,Merlin/Arthur Pendragon,relationship
1382,776,6499,Star Trek: Deep Space Nine,fandom
1383,3056,6496,Femdom,generic
1384,4122,6492,Guns,generic
1385,2340,6492,Regret,generic
1386,1965,6488,OCs,character
1387,1563,6482,Harry Potter - Fandom,fandom
1388,108548,6479,Post-Break Up,generic
1389,4892,6476,Ned Stark,character
1390,6038,6473,Cooking,generic
1391,114223,6472,Mark Tuan,character
1392,2758,6472,Albus Severus Potter,character
1393,29739,6470,sorry - Freeform,generic
1394,49194,6455,Gun Violence,generic
1395,381217,6445,Deceit Sanders,character
1396,374191,6445,Billy Hargrove,character
1397,318639,6443,Be More Chill - Iconis/Tracz,fandom
1398,25856,6436,Cersei Lannister,character
1399,15509,6425,Modern Era,generic
1400,9252,6420,River Song,character
1401,66732,6418,Grant Ward,character
1402,2599,6416,Unreliable Narrator,generic
1403,30907,6406,America (Hetalia),character
1404,46038,6402,Combeferre (Les Misérables),character
1405,14015,6394,Panic! at the Disco,fandom
1406,265627,6393,Christophe Giacometti,character
1407,24179,6387,Courfeyrac (Les Misérables),character
1408,3488,6387,Orgasm Denial,generic
1409,30888,6382,Dead Dove: Do Not Eat,generic
1410,253,6376,Car Sex,generic
1411,1513,6376,Bathing/Washing,generic
1412,93209,6355,Monty Green,character
1413,66703,6354,Dreams and Nightmares,generic
1414,382456,6343,Seo Changbin,character
1415,183166,6343,All For The Game - Nora Sakavic,fandom
1416,10429,6340,Gamzee Makara,character
1417,8406,6330,Santana Lopez,character
1418,45668,6324,Rough Kissing,generic
1419,7174,6318,Kurosaki Ichigo,character
1420,12366,6317,Katniss Everdeen,character
1421,32698,6315,idk - Freeform,generic
1422,18139,6311,Insomnia,generic
1423,14643,6307,Eridan Ampora,character
1424,18653,6303,Crossover Pairings,generic
1425,2125,6301,Meta,generic
1426,33866,6298,Trust Issues,generic
1427,18961,6290,Howard Stark,character
1428,65558,6289,Abusive Relationships,generic
1429,10960,6289,Dry Humping,generic
1430,2897,6287,Queer as Folk (US),fandom
1431,4010,6283,Sora (Kingdom Hearts),character
1432,16612,6279,Sick Character,generic
1433,3630,6262,Grief,generic
1434,5277,6262,Twelfth Doctor,character
1435,360948,6255,IT (2017),fandom
1436,5804,6254,British Actor RPF,fandom
1437,42816,6254,Akashi Seijuurou,character
1438,126204,6245,Mark Fischbach,character
1439,107441,6241,Post-Captain America: Civil War (Movie),generic
1440,19391,6237,Dating,generic
1441,2192,6233,Padmé Amidala,character
1442,106550,6233,Guardians of the Galaxy (Movies),fandom
1443,1460,6217,Sam Wilson,character
1444,58905,6212,Ashton Irwin,character
1445,2765,6205,Kink Meme,generic
1446,62835,6205,Kim Joonmyun | Suho,character
1447,14886,6201,Emotional Baggage,generic
1448,10217,6194,Sally Donovan,character
1449,1231,6192,Bisexuality,generic
1450,67345,6190,Belle/Rumplestiltskin | Mr. Gold,relationship
1451,30908,6182,England (Hetalia),character
1452,120333,6182,Female Lavellan,character
1453,89057,6181,Post-Captain America: The Winter Soldier,generic
1454,1063,6180,Het,generic
1455,6223,6179,Alternate Universe - Hogwarts,generic
1456,104161,6178,Solas,character
1457,46383,6165,Ahsoka Tano,character
1458,23086,6164,Natsu Dragneel,character
1459,58102,6163,Byun Baekhyun/Park Chanyeol,relationship
1460,66452,6161,Angst and Tragedy,generic
1461,13468,6160,Soul Bond,generic
1462,59577,6144,Near Death Experiences,generic
1463,194525,6141,Yoo Kihyun,character
1464,226605,6127,Jesse McCree/Hanzo Shimada,relationship
1465,31275,6126,Feelings Realization,generic
1466,398352,6126,Caleb Widogast,character
1467,811,6116,Cats,generic
1468,182,6115,The West Wing,fandom
1469,88042,6107,Scott Lang,character
1470,20347,6106,Late Night Conversations,generic
1471,92265,6104,Soulmate AU,generic
1472,70429,6104,Secret Crush,generic
1473,1783,6098,Illya Kuryakin,character
1474,58242,6098,Eventual Fluff,generic
1475,242370,6090,Chittaphon Leechaiyapornkul | Ten,character
1476,7034,6088,Injury Recovery,generic
1477,948,6084,Rupert Giles,character
1478,190440,6084,Rey/Ben Solo,relationship
1479,56181,6082,Come Eating,generic
1480,42515,6074,Married Life,generic
1481,2622,6065,Gundam Wing,fandom
1482,35266,6060,Legolas Greenleaf,character
1483,2620,6053,Roleplay,generic
1484,10431,6051,Vriska Serket,character
1485,8035,6047,Nudity,generic
1486,1592,6047,Dominance,generic
1487,20227,6046,Triggers,generic
1488,3254,6045,Sherlock Holmes - Arthur Conan Doyle,fandom
1489,911,6044,Worldbuilding,generic
1490,55,6039,Teyla Emmagan,character
1491,3190,6032,Childhood,generic
1492,16835,6032,Alternate Universe - Supernatural Elements,generic
1493,238690,6029,Nakamoto Yuta,character
1494,18471,6017,Therapy,generic
1495,5338,6015,Alternate Canon,generic
1496,113138,6008,Carmilla (Web Series),fandom
1497,34173,6007,Oswald Cobblepot,character
1498,3294,6002,Wall Sex,generic
1499,9346,5996,Age Regression/De-Aging,generic
1500,35193,5995,Kise Ryouta,character
1501,58907,5994,Calum Hood,character
1502,40688,5994,slight angst,generic
1503,180830,5993,Thomas Jefferson,character
1504,34716,5992,Edward Nygma,character
1505,6964,5987,Devil May Cry,fandom
1506,3105,5986,What-If,generic
1507,47302,5981,John Diggle,character
1508,3143,5980,Snow,generic
1509,13717,5977,Butt Plugs,generic
1510,243211,5975,Will Byers,character
1511,3681,5973,Katara (Avatar),character
1512,16173,5973,Ratchet (Transformers),character
1513,91520,5966,Harry Hart | Galahad,character
1514,3155,5962,Yu-Gi-Oh!,fandom
1515,31774,5961,Lucy Heartfilia,character
1516,7206,5960,Theon Greyjoy,character
1517,177591,5957,"Elizabeth ""Eliza"" Schuyler",character
1518,428455,5953,Lee Minho | Lee Know,character
1519,2298,5951,Babies,generic
1520,8961,5943,Megatron (Transformers),character
1521,12196,5941,Les Misérables - Victor Hugo,fandom
1522,453515,5940,Upgraded Connor | RK900,character
1523,54774,5937,Ray Narvaez Jr.,character
1524,3232,5932,Jessica Moore,character
1525,58238,5927,Brock Rumlow,character
1526,35674,5923,SO MUCH FLUFF,generic
1527,17899,5921,Flowers,generic
1528,21221,5920,Twilight Series - Stephenie Meyer,fandom
1529,1722,5919,Emily Prentiss,character
1530,7425,5915,Alternate Universe - Future,generic
1531,99184,5915,How to Train Your Dragon (Movies),fandom
1532,189305,5912,Phasma (Star Wars),character
1533,52866,5912,Giorno Giovanna,character
1534,3168,5903,Compilation of Final Fantasy VII,fandom
1535,6575,5900,Gay Male Character,generic
1536,41139,5895,Sibling Bonding,generic
1537,26884,5895,Gendry Waters,character
1538,134552,5894,Park Jinyoung | Jr.,character
1539,8564,5893,Hate Sex,generic
1540,58787,5891,Jack Pattillo,character
1541,1782,5889,Napoleon Solo,character
1542,69237,5886,Sasha Blouse,character
1543,362560,5882,Bakugou Katsuki is Bad at Feelings,generic
1544,6391,5881,Power Dynamics,generic
1545,6056,5868,Stockholm Syndrome,generic
1546,1070,5865,World of Warcraft,fandom
1547,43133,5864,Loki/Thor (Marvel),relationship
1548,75,5859,OT3,generic
1549,52,5854,Ronon Dex,character
1550,6621,5853,Sequel,generic
1551,97997,5844,Azumane Asahi,character
1552,3661,5836,Teddy Lupin,character
1553,22053,5829,Persona Series,fandom
1554,65962,5828,Bellatrix Black Lestrange,character
1555,23588,5821,Red Riding Hood | Ruby,character
1556,14206,5819,Naruhodou Ryuuichi | Phoenix Wright,character
1557,14365,5819,Strap-Ons,generic
1558,71981,5818,Not Actually Unrequited Love,generic
1559,1997,5818,Massage,generic
1560,205533,5803,Wen Jun Hui | Jun,character
1561,61609,5801,Sawamura Daichi/Sugawara Koushi,relationship
1562,64422,5801,Implied/Referenced Cheating,generic
1563,184085,5799,Plagg (Miraculous Ladybug),character
1564,16737,5798,Hyuuga Hinata,character
1565,591455,5793,Dimitri Alexandre Blaiddyd,character
1566,122140,5791,Josephine Montilyet,character
1567,6843,5791,Alternate Universe - Werewolf,generic
1568,9556,5788,Drug Addiction,generic
1569,16252,5786,Bran Stark,character
1570,145809,5780,Amethyst (Steven Universe),character
1571,27122,5779,"Franklin ""Foggy"" Nelson",character
1572,6727,5776,Watersports,generic
1573,146049,5774,Klaus Hargreeves,character
1574,52210,5771,Platonic Cuddling,generic
1575,63438,5758,Connie Springer,character
1576,121542,5756,Veronica Lodge,character
1577,21352,5753,One Night Stands,generic
1578,16331,5753,Female Hawke,character
1579,14439,5753,Hiccup Horrendous Haddock III,character
1580,10369,5753,Letters,generic
1581,11280,5751,Kisses,generic
1582,12863,5737,Dialogue Heavy,generic
1583,7263,5737,Ellen Harvelle,character
1584,126998,5736,Agent Carter (TV),fandom
1585,178243,5731,Xu Ming Hao | The8,character
1586,98,5727,Harry Potter - Rowling,fandom
1587,55010,5724,Pre-Serum Steve Rogers,generic
1588,2504,5724,Kathryn Janeway,character
1589,325472,5717,Wanna One (Band),fandom
1590,802,5716,Outdoor Sex,generic
1591,56905,5708,Alternate Universe - Different First Meeting,generic
1592,23977,5706,Professional Wrestling,fandom
1593,12378,5702,Transformers: Prime,fandom
1594,61,5700,Blair Sandburg,character
1595,159951,5696,Hong Jisoo | Joshua,character
1596,184084,5695,Tikki (Miraculous Ladybug),character
1597,75698,5694,Tanaka Ryuunosuke,character
1598,43756,5691,Clara Oswin Oswald,character
1599,2966,5691,Stephanie Brown,character
1600,113871,5686,Nico di Angelo/Will Solace,relationship
1601,9793,5683,Sadness,generic
1602,22867,5681,Time Skips,generic
1603,233096,5680,Cassian Andor,character
1604,64987,5671,Breeding,generic
1605,123718,5668,Kim Yugyeom,character
1606,47102,5666,Extremely Dubious Consent,generic
1607,126759,5664,Robert Sugden,character
1608,56566,5653,Based on a Tumblr Post,generic
1609,3024,5638,Peter Burke,character
1610,27570,5637,Korra (Avatar),character
1611,2237,5635,Angels,generic
1612,10961,5634,Alternate Ending,generic
1613,175591,5626,Alexander Hamilton/John Laurens,relationship
1614,247,5624,Wincest - Freeform,generic
1615,22593,5612,Tom Hiddleston,character
1616,2984,5611,Patrick Stump/Pete Wentz,relationship
1617,394813,5606,Tony Stark Acting as Peter Parker's Parental Figure,generic
1618,3285,5603,Pavel Chekov,character
1619,2296,5601,Pegging,generic
1620,45834,5601,Childhood Memories,generic
1621,3716,5593,Diana (Wonder Woman),character
1622,10257,5593,Tom Riddle,character
1623,13188,5592,Complicated Relationships,generic
1624,78210,5587,VIXX,fandom
1625,10942,5580,Forced Orgasm,generic
1626,184494,5577,Hanahaki Disease,generic
1627,31826,5577,Touch-Starved,generic
1628,59074,5576,TOLKIEN J. R. R. - Works & Related Fandoms,fandom
1629,121541,5572,Archie Andrews,character
1630,7441,5567,Redemption,generic
1631,337,5565,Challenge Response,generic
1632,3763,5565,Lesbian Character,generic
1633,104046,5562,Lincoln (The 100),character
1634,6385,5559,Non-Linear Narrative,generic
1635,6138,5558,Singing,generic
1636,6005,5558,Hank McCoy,character
1637,22146,5548,Johnlock - Freeform,generic
1638,22159,5539,Roxy Lalonde,character
1639,82189,5539,The Musketeers (2014),fandom
1640,193051,5539,Armitage Hux/Ben Solo | Kylo Ren,relationship
1641,4007,5536,Warm and Fuzzy Feelings,generic
1642,388730,5535,Kim Seungmin,character
1643,60,5534,Jim Ellison,character
1644,282247,5527,Precious Peter Parker,generic
1645,66594,5522,Come Swallowing,generic
1646,318640,5517,Jeremy Heere,character
1647,63434,5517,Levi/Erwin Smith,relationship
1648,38082,5516,Alternate Universe - Reincarnation,generic
1649,35348,5515,Consensual Sex,generic
1650,3020,5513,Obsession,generic
1651,22725,5513,Rope Bondage,generic
1652,295709,5506,Saihara Shuichi,character
1653,60946,5505,Reiner Braun,character
1654,57095,5502,Marco Bott/Jean Kirstein,relationship
1655,1593,5499,Gags,generic
1656,43750,5493,Dwalin,character
1657,12369,5486,Peeta Mellark,character
1658,386,5485,Battlestar Galactica (2003),fandom
1659,33072,5482,Verbal Humiliation,generic
1660,9698,5476,Carol Danvers,character
1661,574464,5471,鬼滅の刃 | Kimetsu no Yaiba (Manga),fandom
1662,26962,5467,Dave Strider/Karkat Vantas,relationship
1663,9534,5460,Alternate Universe - Superheroes/Superpowers,generic
1664,11201,5457,Bromance,generic
1665,6955,5451,Embarrassment,generic
1666,186997,5448,Chloé Bourgeois,character
1667,5242,5445,Arashi (Band),fandom
1668,251720,5444,Alex Danvers/Maggie Sawyer,relationship
1669,148725,5438,Theo Raeken,character
1670,225813,5437,Betty Cooper/Jughead Jones,relationship
1671,1780,5437,Supernatural - Freeform,generic
1672,18895,5433,Forgiveness,generic
1673,3425,5432,Nymphadora Tonks,character
1674,4281,5431,Charlie Weasley,character
1675,3578,5422,Peter Parker/Tony Stark,relationship
1676,24790,5422,Klaus Mikaelson,character
1677,298777,5419,Adora (She-Ra),character
1678,3350,5409,Clark Kent/Bruce Wayne,relationship
1679,28778,5408,Mates,generic
1680,11641,5405,New Year's Eve,generic
1681,10484,5404,Awkward Conversations,generic
1682,10773,5400,Resolved Sexual Tension,generic
1683,35996,5395,Alan Deaton,character
1684,77703,5392,Eventual Relationships,generic
1685,134052,5392,Kingsman (Movies),fandom
1686,132597,5386,Criminal Minds (US TV),fandom
1687,3262,5385,Bloodplay,generic
1688,83897,5384,Tags Are Hard,generic
1689,9828,5383,Rain,generic
1690,136,5383,Buffy the Vampire Slayer (TV),fandom
1691,95810,5377,Minor Original Character(s),generic
1692,7247,5373,Penelope Garcia,character
1693,286876,5372,Tokoyami Fumikage,character
1694,129652,5372,Kim Namjoon | Rap Monster/Kim Seokjin | Jin,relationship
1695,244578,5365,モブサイコ100 | Mob Psycho 100,fandom
1696,60948,5365,Annie Leonhart,character
1697,66404,5362,Ruby Rose,character
1698,163,5361,House M.D.,fandom
1699,39125,5359,Self Confidence Issues,generic
1700,143989,5355,Karen Page,character
1701,24784,5349,Sebastian Smythe,character
1702,84071,5345,Rooster Teeth/Achievement Hunter/Funhaus RPF,fandom
1703,118104,5331,Kim Seokjin | Jin/Min Yoongi | Suga,relationship
1704,14006,5330,Cassandra Cain,character
1705,105412,5329,Jack Zimmermann,character
1706,10047,5328,Kaidan Alenko,character
1707,215451,5325,Lucifer Morningstar (Lucifer TV),character
1708,13343,5324,Monsters,generic
1709,98620,5318,Neck Kissing,generic
1710,9572,5317,Knifeplay,generic
1711,19280,5315,Riku (Kingdom Hearts),character
1712,17681,5313,Annabeth Chase/Percy Jackson,relationship
1713,194526,5309,Lee Minhyuk (Monsta X),character
1714,169981,5306,Asgore Dreemurr,character
1715,15727,5305,Sebastian Michaelis,character
1716,2985,5303,Seduction,generic
1717,10522,5300,Parent/Child Incest,generic
1718,122925,5300,Female Inquisitor/Cullen Rutherford,relationship
1719,21111,5297,"Jennifer ""JJ"" Jareau",character
1720,95375,5293,Ronan Lynch,character
1721,169979,5280,Chara (Undertale),character
1722,131129,5278,Merlin (Kingsman),character
1723,781,5275,X-Men (Comicverse),fandom
1724,3438,5271,Aliens,generic
1725,194298,5271,Rey & Ben Solo | Kylo Ren,relationship
1726,8997,5270,Dragon Age,fandom
1727,18439,5267,Margaery Tyrell,character
1728,12087,5266,Thranduil,character
1729,318641,5262,Michael Mell,character
1730,1298,5262,Star Trek (2009),fandom
1731,70545,5261,Piper McLean,character
1732,16698,5259,Happy,generic
1733,298778,5251,Catra (She-Ra),character
1734,11473,5247,Abandoned Work - Unfinished and Discontinued,generic
1735,25769,5239,Team Bonding,generic
1736,10218,5230,Restraints,generic
1737,38535,5228,Boyfriends,generic
1738,355,5226,OMC,character
1739,29094,5222,Car Accidents,generic
1740,6858,5218,Gabriel,character
1741,313,5216,Hogwarts,generic
1742,152936,5215,Sean McLoughlin,character
1743,26355,5209,"Prince ""Charming"" James | David Nolan",character
1744,229648,5202,Seo Youngho | Johnny,character
1745,12203,5200,Caroline Forbes,character
1746,5220,5195,Johnny's Entertainment,fandom
1747,37921,5195,Danny Phantom,fandom
1748,21671,5195,Jake English,character
1749,227031,5193,"Lena ""Tracer"" Oxton",character
1750,264856,5192,Taako (The Adventure Zone),character
1751,13518,5192,Mitsurugi Reiji | Miles Edgeworth,character
1752,113141,5192,Carmilla Karnstein,character
1753,16682,5191,Sandor Clegane,character
1754,655,5189,,relationship
1755,10442,5188,Party,generic
1756,56370,5187,Queen (Band),fandom
1757,4083,5187,Arthur Weasley,character
1758,13962,5186,Omorashi,generic
1759,31663,5185,Graphic Description,generic
1760,191970,5178,The Mortal Instruments Series - Cassandra Clare,fandom
1761,113263,5175,Star Wars: Rebels,fandom
1762,17246,5171,Sif (Marvel),character
1763,33868,5166,Lu Han,character
1764,12085,5161,Post-Apocalypse,generic
1765,372122,5161,Oma Kokichi,character
1766,54654,5160,Dan Howell & Phil Lester,relationship
1767,1892,5156,Ryan Ross,character
1768,153306,5154,Shuri (Marvel),character
1769,17762,5144,Balthazar (Supernatural),character
1770,595298,5142,Felix Hugo Fraldarius,character
1771,26509,5139,John Reese,character
1772,136609,5139,Life Is Strange (Video Game),fandom
1773,1061,5137,Timothy McGee,character
1774,195563,5137,Jyn Erso,character
1775,2610,5132,Riza Hawkeye,character
1776,70122,5131,What Have I Done,generic
1777,50384,5125,Coming Untouched,generic
1778,7152,5125,Umino Iruka,character
1779,172569,5123,Ensemble Stars! (Video Game),fandom
1780,2104,5118,Hikaru Sulu,character
1781,217025,5118,Wynonna Earp (TV),fandom
1782,101626,5117,Men's Football RPF,fandom
1783,3225,5109,Nara Shikamaru,character
1784,14859,5108,OOC,generic
1785,8711,5100,Theodore Nott,character
1786,261088,5098,Katsuki Yuuri & Victor Nikiforov,relationship
1787,89157,5096,Mild Blood,generic
1788,113139,5095,Laura Hollis,character
1789,23959,5093,Podfic Length: 10-20 Minutes,generic
1790,202675,5090,Chloe Decker,character
1791,30211,5090,Arya Stark/Gendry Waters,relationship
1792,55587,5088,名探偵コナン | Detective Conan | Case Closed,fandom
1793,104045,5077,John Murphy (The 100),character
1794,2982,5076,Self-Insert,generic
1795,36560,5075,Sad with a Happy Ending,generic
1796,376161,5073,Billy Hargrove/Steve Harrington,relationship
1797,55420,5071,Dissociation,generic
1798,144279,5071,Peridot (Steven Universe),character
1799,5050,5068,Self-Doubt,generic
1800,15558,5055,Baking,generic
1801,184210,5054,Chat Noir (Miraculous Ladybug),character
1802,177102,5053,Aaron Burr,character
1803,275187,5049,Wong Yuk Hei | Lucas,character
1804,245344,5048,Kayama Nemuri | Midnight,character
1805,4069,5046,Yamanaka Ino,character
1806,61027,5045,Enemies to Friends,generic
1807,17133,5044,Ciel Phantomhive,character
1808,22635,5043,Attempted Murder,generic
1809,7877,5042,Meg Masters,character
1810,180050,5037,Hercules Mulligan,character
1811,65512,5035,Krista Lenz | Historia Reiss,character
1812,170640,5029,Chae Hyungwon,character
1813,73210,5020,Face-Sitting,generic
1814,744,5018,Apocalypse,generic
1815,213299,5018,Ruby Rose (RWBY),character
1816,34618,5017,Protective Tony Stark,generic
1817,60713,5009,Do Kyungsoo | D.O/Kim Jongin | Kai,relationship
1818,304940,5007,The Legend of Zelda: Breath of the Wild,fandom
1819,43691,5007,The Avengers - Ambiguous Fandom,fandom
1820,113134,5005,Laura Hollis/Carmilla Karnstein,relationship
1821,31242,5004,Holding Hands,generic
1822,20122,5004,Post-Hogwarts,generic
1823,6724,5003,prompt,generic
1824,236014,5001,Nakajima Atsushi (Bungou Stray Dogs),character
